[{"id": 1, "amount": 1000.0, "month": 1, "date": 8, "orig": "Guangdong", "dest": "Guizhou", "cause": "Social Welfare & Poverty Alleviation"}, {"id": 1, "amount": 1000.0, "month": 1, "date": 8, "orig": "Guangdong", "dest": "Guizhou", "cause": "Social Welfare & Poverty Alleviation"}, {"id": 2, "amount": 30.0, "month": 11, "date": 18, "orig": "Guangdong", "dest": "Guangdong", "cause": "Education"}, {"id": 2, "amount": 30.0, "month": 11, "date": 18, "orig": "Guangdong", "dest": "Guangdong", "cause": "Education"}, {"id": 3, "amount": 24.002547, "month": 7, "date": 12, "orig": "Guangdong", "dest": "Guangdong", "cause": "Social Welfare & Poverty Alleviation"}, {"id": 3, "amount": 24.002547, "month": 7, "date": 12, "orig": "Guangdong", "dest": "Guangdong", "cause": "Social Welfare & Poverty Alleviation"}, {"id": 4, "amount": 747.5, "month": 12, "date": 7, "orig": "Shanghai", "dest": "United States", "cause": "Education"}, {"id": 4, "amount": 747.5, "month": 12, "date": 7, "orig": "Shanghai", "dest": "United States", "cause": "Education"}, {"id": 5, "amount": 500.0, "month": 6, "date": 30, "orig": "Guangdong", "dest": "Guangdong", "cause": "Social Welfare & Poverty Alleviation"}, {"id": 5, "amount": 500.0, "month": 6, "date": 30, "orig": "Guangdong", "dest": "Guangdong", "cause": "Social Welfare & Poverty Alleviation"}, {"id": 6, "amount": 93.18, "month": 4, "date": 10, "orig": "Beijing", "dest": "Yunnan", "cause": "Unspecified"}, {"id": 6, "amount": 93.18, "month": 4, "date": 10, "orig": "Beijing", "dest": "Yunnan", "cause": "Unspecified"}, {"id": 7, "amount": 50.0, "month": 5, "date": 8, "orig": "Beijing", "dest": "Shandong", "cause": "Education"}, {"id": 7, "amount": 50.0, "month": 5, "date": 8, "orig": "Beijing", "dest": "Shandong", "cause": "Education"}, {"id": 8, "amount": 50.0, "month": 5, "date": 8, "orig": "Beijing", "dest": "Hubei", "cause": "Education"}, {"id": 8, "amount": 50.0, "month": 5, "date": 8, "orig": "Beijing", "dest": "Hubei", "cause": "Education"}, {"id": 9, "amount": 50.0, "month": 5, "date": 8, "orig": "Beijing", "dest": "Guangdong", "cause": "Education"}, {"id": 9, "amount": 50.0, "month": 5, "date": 8, "orig": "Beijing", "dest": "Guangdong", "cause": "Education"}, {"id": 10, "amount": 50.0, "month": 5, "date": 8, "orig": "Beijing", "dest": "Chongqing", "cause": "Education"}, {"id": 10, "amount": 50.0, "month": 5, "date": 8, "orig": "Beijing", "dest": "Chongqing", "cause": "Education"}, {"id": 11, "amount": 50.0, "month": 5, "date": 8, "orig": "Beijing", "dest": "Guizhou", "cause": "Education"}, {"id": 11, "amount": 50.0, "month": 5, "date": 8, "orig": "Beijing", "dest": "Guizhou", "cause": "Education"}, {"id": 12, "amount": 50.0, "month": 5, "date": 8, "orig": "Beijing", "dest": "Shaanxi", "cause": "Education"}, {"id": 12, "amount": 50.0, "month": 5, "date": 8, "orig": "Beijing", "dest": "Shaanxi", "cause": "Education"}, {"id": 13, "amount": 250.0, "month": 11, "date": 27, "orig": "Fujian", "dest": "Fujian", "cause": "Culture"}, {"id": 13, "amount": 250.0, "month": 11, "date": 27, "orig": "Fujian", "dest": "Fujian", "cause": "Culture"}, {"id": 14, "amount": 200.0, "month": 10, "date": 31, "orig": "Fujian", "dest": "Guangdong", "cause": "Education"}, {"id": 14, "amount": 200.0, "month": 10, "date": 31, "orig": "Fujian", "dest": "Guangdong", "cause": "Education"}, {"id": 15, "amount": 30.0, "month": 11, "date": 12, "orig": "Fujian", "dest": "Fujian", "cause": "Education"}, {"id": 15, "amount": 30.0, "month": 11, "date": 12, "orig": "Fujian", "dest": "Fujian", "cause": "Education"}, {"id": 16, "amount": 10.0, "month": 9, "date": 6, "orig": "Fujian", "dest": "Fujian", "cause": "Culture"}, {"id": 16, "amount": 10.0, "month": 9, "date": 6, "orig": "Fujian", "dest": "Fujian", "cause": "Culture"}, {"id": 17, "amount": 3.0, "month": 11, "date": 2, "orig": "Guangdong", "dest": "Guangdong", "cause": "Social Welfare & Poverty Alleviation"}, {"id": 17, "amount": 3.0, "month": 11, "date": 2, "orig": "Guangdong", "dest": "Guangdong", "cause": "Social Welfare & Poverty Alleviation"}, {"id": 18, "amount": 202.0, "month": 12, "date": 9, "orig": "Guangdong", "dest": "Guangdong", "cause": "Unspecified"}, {"id": 18, "amount": 202.0, "month": 12, "date": 9, "orig": "Guangdong", "dest": "Guangdong", "cause": "Unspecified"}, {"id": 19, "amount": 100.0, "month": 6, "date": 27, "orig": "Beijing", "dest": "Fujian", "cause": "Education"}, {"id": 19, "amount": 100.0, "month": 6, "date": 27, "orig": "Beijing", "dest": "Fujian", "cause": "Education"}, {"id": 20, "amount": 40.0, "month": 9, "date": 8, "orig": "Beijing", "dest": "Fujian", "cause": "Disaster Relief"}, {"id": 20, "amount": 40.0, "month": 9, "date": 8, "orig": "Beijing", "dest": "Fujian", "cause": "Disaster Relief"}, {"id": 21, "amount": 15.0, "month": 7, "date": 14, "orig": "Beijing", "dest": "Fujian", "cause": "Disaster Relief"}, {"id": 21, "amount": 15.0, "month": 7, "date": 14, "orig": "Beijing", "dest": "Fujian", "cause": "Disaster Relief"}, {"id": 22, "amount": 10.0, "month": 9, "date": 8, "orig": "Beijing", "dest": "Hubei", "cause": "Disaster Relief"}, {"id": 22, "amount": 10.0, "month": 9, "date": 8, "orig": "Beijing", "dest": "Hubei", "cause": "Disaster Relief"}, {"id": 23, "amount": 10.0, "month": 6, "date": 17, "orig": "Beijing", "dest": "Fujian", "cause": "Social Welfare & Poverty Alleviation"}, {"id": 23, "amount": 10.0, "month": 6, "date": 17, "orig": "Beijing", "dest": "Fujian", "cause": "Social Welfare & Poverty Alleviation"}, {"id": 24, "amount": 10.0, "month": 6, "date": 17, "orig": "Beijing", "dest": "Guizhou", "cause": "Social Welfare & Poverty Alleviation"}, {"id": 24, "amount": 10.0, "month": 6, "date": 17, "orig": "Beijing", "dest": "Guizhou", "cause": "Social Welfare & Poverty Alleviation"}, {"id": 25, "amount": 10.0, "month": 6, "date": 17, "orig": "Beijing", "dest": "Hubei", "cause": "Social Welfare & Poverty Alleviation"}, {"id": 25, "amount": 10.0, "month": 6, "date": 17, "orig": "Beijing", "dest": "Hubei", "cause": "Social Welfare & Poverty Alleviation"}, {"id": 26, "amount": 5.0, "month": "", "date": "", "orig": "Beijing", "dest": "Beijing", "cause": "Education"}, {"id": 26, "amount": 5.0, "month": "", "date": "", "orig": "Beijing", "dest": "Beijing", "cause": "Education"}, {"id": 27, "amount": 3.0, "month": 9, "date": 21, "orig": "Beijing", "dest": "Fujian", "cause": "Disaster Relief"}, {"id": 27, "amount": 3.0, "month": 9, "date": 21, "orig": "Beijing", "dest": "Fujian", "cause": "Disaster Relief"}, {"id": 28, "amount": 3.0, "month": 9, "date": 21, "orig": "Beijing", "dest": "Fujian", "cause": "Disaster Relief"}, {"id": 28, "amount": 3.0, "month": 9, "date": 21, "orig": "Beijing", "dest": "Fujian", "cause": "Disaster Relief"}, {"id": 29, "amount": 3.0, "month": 9, "date": 21, "orig": "Beijing", "dest": "Fujian", "cause": "Disaster Relief"}, {"id": 29, "amount": 3.0, "month": 9, "date": 21, "orig": "Beijing", "dest": "Fujian", "cause": "Disaster Relief"}, {"id": 30, "amount": 2.0, "month": "", "date": "", "orig": "Beijing", "dest": "Fujian", "cause": "Social Welfare & Poverty Alleviation"}, {"id": 30, "amount": 2.0, "month": "", "date": "", "orig": "Beijing", "dest": "Fujian", "cause": "Social Welfare & Poverty Alleviation"}, {"id": 31, "amount": 1.5, "month": 11, "date": 8, "orig": "Beijing", "dest": "Shaanxi", "cause": "Education"}, {"id": 31, "amount": 1.5, "month": 11, "date": 8, "orig": "Beijing", "dest": "Shaanxi", "cause": "Education"}, {"id": 32, "amount": 1.0, "month": 9, "date": 21, "orig": "Beijing", "dest": "Fujian", "cause": "Disaster Relief"}, {"id": 32, "amount": 1.0, "month": 9, "date": 21, "orig": "Beijing", "dest": "Fujian", "cause": "Disaster Relief"}, {"id": 33, "amount": 1.0, "month": 9, "date": 21, "orig": "Beijing", "dest": "Fujian", "cause": "Disaster Relief"}, {"id": 33, "amount": 1.0, "month": 9, "date": 21, "orig": "Beijing", "dest": "Fujian", "cause": "Disaster Relief"}, {"id": 34, "amount": 1.0, "month": 9, "date": 21, "orig": "Beijing", "dest": "Fujian", "cause": "Disaster Relief"}, {"id": 34, "amount": 1.0, "month": 9, "date": 21, "orig": "Beijing", "dest": "Fujian", "cause": "Disaster Relief"}, {"id": 35, "amount": 1.0, "month": 9, "date": 21, "orig": "Beijing", "dest": "Fujian", "cause": "Disaster Relief"}, {"id": 35, "amount": 1.0, "month": 9, "date": 21, "orig": "Beijing", "dest": "Fujian", "cause": "Disaster Relief"}, {"id": 36, "amount": 1.0, "month": 9, "date": 21, "orig": "Beijing", "dest": "Fujian", "cause": "Disaster Relief"}, {"id": 36, "amount": 1.0, "month": 9, "date": 21, "orig": "Beijing", "dest": "Fujian", "cause": "Disaster Relief"}, {"id": 37, "amount": 1.0, "month": 9, "date": 21, "orig": "Beijing", "dest": "Fujian", "cause": "Disaster Relief"}, {"id": 37, "amount": 1.0, "month": 9, "date": 21, "orig": "Beijing", "dest": "Fujian", "cause": "Disaster Relief"}, {"id": 38, "amount": 1.0, "month": 9, "date": 21, "orig": "Beijing", "dest": "Fujian", "cause": "Disaster Relief"}, {"id": 38, "amount": 1.0, "month": 9, "date": 21, "orig": "Beijing", "dest": "Fujian", "cause": "Disaster Relief"}, {"id": 39, "amount": 200.0, "month": 5, "date": 13, "orig": "Beijing", "dest": "Beijing", "cause": "Education"}, {"id": 39, "amount": 200.0, "month": 5, "date": 13, "orig": "Beijing", "dest": "Beijing", "cause": "Education"}, {"id": 40, "amount": 202.0, "month": 12, "date": 28, "orig": "Fujian", "dest": "Fujian", "cause": "Unspecified"}, {"id": 40, "amount": 202.0, "month": 12, "date": 28, "orig": "Fujian", "dest": "Fujian", "cause": "Unspecified"}, {"id": 41, "amount": 200.0, "month": 5, "date": 3, "orig": "Shandong", "dest": "Beijing", "cause": "Education"}, {"id": 41, "amount": 200.0, "month": 5, "date": 3, "orig": "Shandong", "dest": "Beijing", "cause": "Education"}, {"id": 42, "amount": 200.0, "month": 2, "date": 1, "orig": "Zhejiang", "dest": "Beijing", "cause": "Education"}, {"id": 42, "amount": 200.0, "month": 2, "date": 1, "orig": "Zhejiang", "dest": "Beijing", "cause": "Education"}, {"id": 43, "amount": 250.0, "month": 12, "date": 30, "orig": "Zhejiang", "dest": "Zhejiang", "cause": "Public Health"}, {"id": 43, "amount": 250.0, "month": 12, "date": 30, "orig": "Zhejiang", "dest": "Zhejiang", "cause": "Public Health"}, {"id": 44, "amount": 200.0, "month": 4, "date": 25, "orig": "Beijing", "dest": "Beijing", "cause": "Education"}, {"id": 44, "amount": 200.0, "month": 4, "date": 25, "orig": "Beijing", "dest": "Beijing", "cause": "Education"}, {"id": 45, "amount": 180.0, "month": 4, "date": 22, "orig": "Beijing", "dest": "Beijing", "cause": "Education"}, {"id": 45, "amount": 180.0, "month": 4, "date": 22, "orig": "Beijing", "dest": "Beijing", "cause": "Education"}, {"id": 46, "amount": 150.0, "month": 12, "date": 26, "orig": "Henan", "dest": "Henan", "cause": "Unspecified"}, {"id": 46, "amount": 150.0, "month": 12, "date": 26, "orig": "Henan", "dest": "Henan", "cause": "Unspecified"}, {"id": 47, "amount": 120.0, "month": 7, "date": 31, "orig": "Guangdong", "dest": "Guangdong", "cause": "Education"}, {"id": 47, "amount": 120.0, "month": 7, "date": 31, "orig": "Guangdong", "dest": "Guangdong", "cause": "Education"}, {"id": 48, "amount": 113.0, "month": 1, "date": 28, "orig": "Hubei", "dest": "Hubei", "cause": "Social Welfare & Poverty Alleviation"}, {"id": 48, "amount": 113.0, "month": 1, "date": 28, "orig": "Hubei", "dest": "Hubei", "cause": "Social Welfare & Poverty Alleviation"}, {"id": 49, "amount": 1.0, "month": "", "date": "", "orig": "Hubei", "dest": "Beijing", "cause": "Unspecified"}, {"id": 49, "amount": 1.0, "month": "", "date": "", "orig": "Hubei", "dest": "Beijing", "cause": "Unspecified"}, {"id": 50, "amount": 100.0, "month": 10, "date": 11, "orig": "Guangdong", "dest": "Hainan", "cause": "Education"}, {"id": 50, "amount": 100.0, "month": 10, "date": 11, "orig": "Guangdong", "dest": "Hainan", "cause": "Education"}, {"id": 51, "amount": 10.0, "month": 9, "date": 28, "orig": "Guangdong", "dest": "Beijing", "cause": "Culture"}, {"id": 51, "amount": 10.0, "month": 9, "date": 28, "orig": "Guangdong", "dest": "Beijing", "cause": "Culture"}, {"id": 52, "amount": 110.0, "month": 9, "date": 21, "orig": "Chongqing", "dest": "Chongqing", "cause": "Education"}, {"id": 52, "amount": 110.0, "month": 9, "date": 21, "orig": "Chongqing", "dest": "Chongqing", "cause": "Education"}, {"id": 53, "amount": 110.0, "month": 7, "date": 12, "orig": "Guangdong", "dest": "Guangdong", "cause": "Education"}, {"id": 53, "amount": 110.0, "month": 7, "date": 12, "orig": "Guangdong", "dest": "Guangdong", "cause": "Education"}, {"id": 54, "amount": 100.0, "month": 6, "date": 16, "orig": "Jiangxi", "dest": "Jiangxi", "cause": "Social Welfare & Poverty Alleviation"}, {"id": 54, "amount": 100.0, "month": 6, "date": 16, "orig": "Jiangxi", "dest": "Jiangxi", "cause": "Social Welfare & Poverty Alleviation"}, {"id": 55, "amount": 10.0, "month": 4, "date": 14, "orig": "Jiangxi", "dest": "Jiangxi", "cause": "Education"}, {"id": 55, "amount": 10.0, "month": 4, "date": 14, "orig": "Jiangxi", "dest": "Jiangxi", "cause": "Education"}, {"id": 56, "amount": 100.0, "month": 12, "date": 5, "orig": "Guangdong", "dest": "Hubei", "cause": "Education"}, {"id": 56, "amount": 100.0, "month": 12, "date": 5, "orig": "Guangdong", "dest": "Hubei", "cause": "Education"}, {"id": 57, "amount": 7.87196313, "month": "", "date": "", "orig": "Guangdong", "dest": "Beijing", "cause": "Unspecified"}, {"id": 57, "amount": 7.87196313, "month": "", "date": "", "orig": "Guangdong", "dest": "Beijing", "cause": "Unspecified"}, {"id": 58, "amount": 85.0, "month": 4, "date": 23, "orig": "Guangdong", "dest": "Beijing", "cause": "Education"}, {"id": 58, "amount": 85.0, "month": 4, "date": 23, "orig": "Guangdong", "dest": "Beijing", "cause": "Education"}, {"id": 59, "amount": 10.0, "month": 12, "date": 19, "orig": "Guangdong", "dest": "Guangdong", "cause": "Education"}, {"id": 59, "amount": 10.0, "month": 12, "date": 19, "orig": "Guangdong", "dest": "Guangdong", "cause": "Education"}, {"id": 60, "amount": 10.0, "month": 12, "date": 30, "orig": "Guangdong", "dest": "Guangdong", "cause": "Social Welfare & Poverty Alleviation"}, {"id": 60, "amount": 10.0, "month": 12, "date": 30, "orig": "Guangdong", "dest": "Guangdong", "cause": "Social Welfare & Poverty Alleviation"}, {"id": 61, "amount": 200.0, "month": 4, "date": 8, "orig": "Hubei", "dest": "Hubei", "cause": "Social Welfare & Poverty Alleviation"}, {"id": 61, "amount": 200.0, "month": 4, "date": 8, "orig": "Hubei", "dest": "Hubei", "cause": "Social Welfare & Poverty Alleviation"}, {"id": 62, "amount": 100.0, "month": 1, "date": 28, "orig": "Hubei", "dest": "Hubei", "cause": "Social Welfare & Poverty Alleviation"}, {"id": 62, "amount": 100.0, "month": 1, "date": 28, "orig": "Hubei", "dest": "Hubei", "cause": "Social Welfare & Poverty Alleviation"}, {"id": 63, "amount": 0.54, "month": 3, "date": 31, "orig": "Hubei", "dest": "Chongqing", "cause": "Education"}, {"id": 63, "amount": 0.54, "month": 3, "date": 31, "orig": "Hubei", "dest": "Chongqing", "cause": "Education"}, {"id": 64, "amount": 0.36, "month": 6, "date": 21, "orig": "Hubei", "dest": "Chongqing", "cause": "Education"}, {"id": 64, "amount": 0.36, "month": 6, "date": 21, "orig": "Hubei", "dest": "Chongqing", "cause": "Education"}, {"id": 65, "amount": 0.36, "month": 1, "date": 17, "orig": "Hubei", "dest": "Chongqing", "cause": "Education"}, {"id": 65, "amount": 0.36, "month": 1, "date": 17, "orig": "Hubei", "dest": "Chongqing", "cause": "Education"}, {"id": 66, "amount": 100.0, "month": "", "date": "", "orig": "Guizhou", "dest": "Guizhou", "cause": "Education"}, {"id": 66, "amount": 100.0, "month": "", "date": "", "orig": "Guizhou", "dest": "Guizhou", "cause": "Education"}, {"id": 67, "amount": 100.0, "month": 6, "date": 30, "orig": "Guangdong", "dest": "Guangdong", "cause": "Social Welfare & Poverty Alleviation"}, {"id": 67, "amount": 100.0, "month": 6, "date": 30, "orig": "Guangdong", "dest": "Guangdong", "cause": "Social Welfare & Poverty Alleviation"}, {"id": 68, "amount": 100.0, "month": 11, "date": 10, "orig": "Shanghai", "dest": "Beijing", "cause": "Education"}, {"id": 68, "amount": 100.0, "month": 11, "date": 10, "orig": "Shanghai", "dest": "Beijing", "cause": "Education"}, {"id": 69, "amount": 100.0, "month": 1, "date": 8, "orig": "Shanghai", "dest": "Zhejiang", "cause": "Education"}, {"id": 69, "amount": 100.0, "month": 1, "date": 8, "orig": "Shanghai", "dest": "Zhejiang", "cause": "Education"}, {"id": 70, "amount": 100.0, "month": 10, "date": 17, "orig": "Hainan", "dest": "Hainan", "cause": "Social Welfare & Poverty Alleviation"}, {"id": 70, "amount": 100.0, "month": 10, "date": 17, "orig": "Hainan", "dest": "Hainan", "cause": "Social Welfare & Poverty Alleviation"}, {"id": 71, "amount": 100.0, "month": 1, "date": 26, "orig": "Jiangsu", "dest": "Jiangsu", "cause": "Social Welfare & Poverty Alleviation"}, {"id": 71, "amount": 100.0, "month": 1, "date": 26, "orig": "Jiangsu", "dest": "Jiangsu", "cause": "Social Welfare & Poverty Alleviation"}, {"id": 72, "amount": 100.0, "month": 11, "date": 28, "orig": "Jiangsu", "dest": "Jiangsu", "cause": "Education"}, {"id": 72, "amount": 100.0, "month": 11, "date": 28, "orig": "Jiangsu", "dest": "Jiangsu", "cause": "Education"}, {"id": 73, "amount": 100.0, "month": 3, "date": 29, "orig": "Shanghai", "dest": "Sichuan", "cause": "Education"}, {"id": 73, "amount": 100.0, "month": 3, "date": 29, "orig": "Shanghai", "dest": "Sichuan", "cause": "Education"}, {"id": 74, "amount": 100.0, "month": 6, "date": 16, "orig": "Fujian", "dest": "Fujian", "cause": "Disaster Relief"}, {"id": 74, "amount": 100.0, "month": 6, "date": 16, "orig": "Fujian", "dest": "Fujian", "cause": "Disaster Relief"}, {"id": 75, "amount": 100.0, "month": 4, "date": 6, "orig": "Fujian", "dest": "Fujian", "cause": "Social Welfare & Poverty Alleviation"}, {"id": 75, "amount": 100.0, "month": 4, "date": 6, "orig": "Fujian", "dest": "Fujian", "cause": "Social Welfare & Poverty Alleviation"}, {"id": 76, "amount": 100.0, "month": 10, "date": 15, "orig": "Chongqing", "dest": "Shaanxi", "cause": "Education"}, {"id": 76, "amount": 100.0, "month": 10, "date": 15, "orig": "Chongqing", "dest": "Shaanxi", "cause": "Education"}, {"id": 77, "amount": 100.0, "month": 5, "date": 2, "orig": "Fujian", "dest": "Beijing", "cause": "Education"}, {"id": 77, "amount": 100.0, "month": 5, "date": 2, "orig": "Fujian", "dest": "Beijing", "cause": "Education"}, {"id": 78, "amount": 100.0, "month": 10, "date": 16, "orig": "Beijing", "dest": "Tianjin", "cause": "Education"}, {"id": 78, "amount": 100.0, "month": 10, "date": 16, "orig": "Beijing", "dest": "Tianjin", "cause": "Education"}, {"id": 79, "amount": 100.0, "month": 12, "date": 23, "orig": "Henan", "dest": "Henan", "cause": "Education"}, {"id": 79, "amount": 100.0, "month": 12, "date": 23, "orig": "Henan", "dest": "Henan", "cause": "Education"}, {"id": 80, "amount": 100.0, "month": 3, "date": 23, "orig": "Beijing", "dest": "Beijing", "cause": "Education"}, {"id": 80, "amount": 100.0, "month": 3, "date": 23, "orig": "Beijing", "dest": "Beijing", "cause": "Education"}, {"id": 81, "amount": 99.999999, "month": 10, "date": 20, "orig": "Beijing", "dest": "Hubei", "cause": "Education"}, {"id": 81, "amount": 99.999999, "month": 10, "date": 20, "orig": "Beijing", "dest": "Hubei", "cause": "Education"}, {"id": 82, "amount": 80.0, "month": "", "date": "", "orig": "Zhejiang", "dest": "Zhejiang", "cause": "Education"}, {"id": 82, "amount": 80.0, "month": "", "date": "", "orig": "Zhejiang", "dest": "Zhejiang", "cause": "Education"}, {"id": 83, "amount": 15.0, "month": "", "date": "", "orig": "Zhejiang", "dest": "Zhejiang", "cause": "Education"}, {"id": 83, "amount": 15.0, "month": "", "date": "", "orig": "Zhejiang", "dest": "Zhejiang", "cause": "Education"}, {"id": 84, "amount": 2.0, "month": "", "date": "", "orig": "Beijing", "dest": "Zhejiang", "cause": "Education"}, {"id": 84, "amount": 2.0, "month": "", "date": "", "orig": "Beijing", "dest": "Zhejiang", "cause": "Education"}, {"id": 85, "amount": 14.58370503, "month": "", "date": "", "orig": "Guangdong", "dest": "Beijing", "cause": "Social Welfare & Poverty Alleviation"}, {"id": 85, "amount": 14.58370503, "month": "", "date": "", "orig": "Guangdong", "dest": "Beijing", "cause": "Social Welfare & Poverty Alleviation"}, {"id": 86, "amount": 13.091964, "month": 1, "date": 12, "orig": "Guangdong", "dest": "Beijing", "cause": "Unspecified"}, {"id": 86, "amount": 13.091964, "month": 1, "date": 12, "orig": "Guangdong", "dest": "Beijing", "cause": "Unspecified"}, {"id": 87, "amount": 10.0, "month": "", "date": "", "orig": "Guangdong", "dest": "Beijing", "cause": "Social Welfare & Poverty Alleviation"}, {"id": 87, "amount": 10.0, "month": "", "date": "", "orig": "Guangdong", "dest": "Beijing", "cause": "Social Welfare & Poverty Alleviation"}, {"id": 88, "amount": 7.32, "month": 12, "date": "", "orig": "Guangdong", "dest": "Shanghai", "cause": "Unspecified"}, {"id": 88, "amount": 7.32, "month": 12, "date": "", "orig": "Guangdong", "dest": "Shanghai", "cause": "Unspecified"}, {"id": 89, "amount": 6.27772792, "month": 12, "date": 19, "orig": "Guangdong", "dest": "Guangdong", "cause": "Unspecified"}, {"id": 89, "amount": 6.27772792, "month": 12, "date": 19, "orig": "Guangdong", "dest": "Guangdong", "cause": "Unspecified"}, {"id": 90, "amount": 3.644545, "month": 1, "date": 12, "orig": "Guangdong", "dest": "Beijing", "cause": "Public Health"}, {"id": 90, "amount": 3.644545, "month": 1, "date": 12, "orig": "Guangdong", "dest": "Beijing", "cause": "Public Health"}, {"id": 91, "amount": 2.7, "month": 12, "date": 20, "orig": "Guangdong", "dest": "Beijing", "cause": "Public Health"}, {"id": 91, "amount": 2.7, "month": 12, "date": 20, "orig": "Guangdong", "dest": "Beijing", "cause": "Public Health"}, {"id": 92, "amount": 2.291896, "month": 1, "date": 12, "orig": "Guangdong", "dest": "Beijing", "cause": "Social Welfare & Poverty Alleviation"}, {"id": 92, "amount": 2.291896, "month": 1, "date": 12, "orig": "Guangdong", "dest": "Beijing", "cause": "Social Welfare & Poverty Alleviation"}, {"id": 93, "amount": 2.28747, "month": 12, "date": 13, "orig": "Guangdong", "dest": "Beijing", "cause": "Unspecified"}, {"id": 93, "amount": 2.28747, "month": 12, "date": 13, "orig": "Guangdong", "dest": "Beijing", "cause": "Unspecified"}, {"id": 94, "amount": 2.00336551, "month": 12, "date": 23, "orig": "Guangdong", "dest": "Beijing", "cause": "Social Welfare & Poverty Alleviation"}, {"id": 94, "amount": 2.00336551, "month": 12, "date": 23, "orig": "Guangdong", "dest": "Beijing", "cause": "Social Welfare & Poverty Alleviation"}, {"id": 95, "amount": 2.0, "month": 3, "date": 22, "orig": "Guangdong", "dest": "Beijing", "cause": "Unspecified"}, {"id": 95, "amount": 2.0, "month": 3, "date": 22, "orig": "Guangdong", "dest": "Beijing", "cause": "Unspecified"}, {"id": 96, "amount": 2.0, "month": 2, "date": 1, "orig": "Guangdong", "dest": "Beijing", "cause": "Public Health"}, {"id": 96, "amount": 2.0, "month": 2, "date": 1, "orig": "Guangdong", "dest": "Beijing", "cause": "Public Health"}, {"id": 97, "amount": 1.59, "month": 12, "date": 20, "orig": "Guangdong", "dest": "Beijing", "cause": "Social Welfare & Poverty Alleviation"}, {"id": 97, "amount": 1.59, "month": 12, "date": 20, "orig": "Guangdong", "dest": "Beijing", "cause": "Social Welfare & Poverty Alleviation"}, {"id": 98, "amount": 1.491959, "month": 1, "date": 12, "orig": "Guangdong", "dest": "Beijing", "cause": "Social Welfare & Poverty Alleviation"}, {"id": 98, "amount": 1.491959, "month": 1, "date": 12, "orig": "Guangdong", "dest": "Beijing", "cause": "Social Welfare & Poverty Alleviation"}, {"id": 99, "amount": 1.419205, "month": 1, "date": 12, "orig": "Guangdong", "dest": "Beijing", "cause": "Education"}, {"id": 99, "amount": 1.419205, "month": 1, "date": 12, "orig": "Guangdong", "dest": "Beijing", "cause": "Education"}, {"id": 100, "amount": 1.35, "month": 12, "date": 20, "orig": "Guangdong", "dest": "Beijing", "cause": "Social Welfare & Poverty Alleviation"}, {"id": 100, "amount": 1.35, "month": 12, "date": 20, "orig": "Guangdong", "dest": "Beijing", "cause": "Social Welfare & Poverty Alleviation"}, {"id": 101, "amount": 1.34, "month": 12, "date": 20, "orig": "Guangdong", "dest": "Beijing", "cause": "Public Health"}, {"id": 101, "amount": 1.34, "month": 12, "date": 20, "orig": "Guangdong", "dest": "Beijing", "cause": "Public Health"}, {"id": 102, "amount": 1.31, "month": 12, "date": 20, "orig": "Guangdong", "dest": "Beijing", "cause": "Education"}, {"id": 102, "amount": 1.31, "month": 12, "date": 20, "orig": "Guangdong", "dest": "Beijing", "cause": "Education"}, {"id": 103, "amount": 1.25907, "month": 1, "date": 6, "orig": "Guangdong", "dest": "Beijing", "cause": "Unspecified"}, {"id": 103, "amount": 1.25907, "month": 1, "date": 6, "orig": "Guangdong", "dest": "Beijing", "cause": "Unspecified"}, {"id": 104, "amount": 1.116721, "month": 1, "date": 12, "orig": "Guangdong", "dest": "Beijing", "cause": "Public Health"}, {"id": 104, "amount": 1.116721, "month": 1, "date": 12, "orig": "Guangdong", "dest": "Beijing", "cause": "Public Health"}, {"id": 105, "amount": 1.09, "month": 12, "date": 20, "orig": "Guangdong", "dest": "Beijing", "cause": "Education"}, {"id": 105, "amount": 1.09, "month": 12, "date": 20, "orig": "Guangdong", "dest": "Beijing", "cause": "Education"}, {"id": 106, "amount": 1.073069, "month": 1, "date": 12, "orig": "Guangdong", "dest": "Beijing", "cause": "Public Health"}, {"id": 106, "amount": 1.073069, "month": 1, "date": 12, "orig": "Guangdong", "dest": "Beijing", "cause": "Public Health"}, {"id": 107, "amount": 1.0, "month": 8, "date": 3, "orig": "Guangdong", "dest": "Guangdong", "cause": "Disaster Relief"}, {"id": 107, "amount": 1.0, "month": 8, "date": 3, "orig": "Guangdong", "dest": "Guangdong", "cause": "Disaster Relief"}, {"id": 108, "amount": 0.987418, "month": 1, "date": 12, "orig": "Guangdong", "dest": "Beijing", "cause": "Social Welfare & Poverty Alleviation"}, {"id": 108, "amount": 0.987418, "month": 1, "date": 12, "orig": "Guangdong", "dest": "Beijing", "cause": "Social Welfare & Poverty Alleviation"}, {"id": 109, "amount": 0.91, "month": 12, "date": 20, "orig": "Guangdong", "dest": "Beijing", "cause": "Public Health"}, {"id": 109, "amount": 0.91, "month": 12, "date": 20, "orig": "Guangdong", "dest": "Beijing", "cause": "Public Health"}, {"id": 110, "amount": 0.9, "month": 3, "date": "", "orig": "Guangdong", "dest": "Shanghai", "cause": "Unspecified"}, {"id": 110, "amount": 0.9, "month": 3, "date": "", "orig": "Guangdong", "dest": "Shanghai", "cause": "Unspecified"}, {"id": 111, "amount": 0.84, "month": 12, "date": 20, "orig": "Guangdong", "dest": "Beijing", "cause": "Social Welfare & Poverty Alleviation"}, {"id": 111, "amount": 0.84, "month": 12, "date": 20, "orig": "Guangdong", "dest": "Beijing", "cause": "Social Welfare & Poverty Alleviation"}, {"id": 112, "amount": 0.77, "month": 12, "date": 20, "orig": "Guangdong", "dest": "Beijing", "cause": "Social Welfare & Poverty Alleviation"}, {"id": 112, "amount": 0.77, "month": 12, "date": 20, "orig": "Guangdong", "dest": "Beijing", "cause": "Social Welfare & Poverty Alleviation"}, {"id": 113, "amount": 0.75, "month": 8, "date": 1, "orig": "Guangdong", "dest": "Jiangsu", "cause": "Education"}, {"id": 113, "amount": 0.75, "month": 8, "date": 1, "orig": "Guangdong", "dest": "Jiangsu", "cause": "Education"}, {"id": 114, "amount": 0.687689, "month": 1, "date": 12, "orig": "Guangdong", "dest": "Beijing", "cause": "Social Welfare & Poverty Alleviation"}, {"id": 114, "amount": 0.687689, "month": 1, "date": 12, "orig": "Guangdong", "dest": "Beijing", "cause": "Social Welfare & Poverty Alleviation"}, {"id": 115, "amount": 0.670643, "month": 1, "date": 12, "orig": "Guangdong", "dest": "Beijing", "cause": "Public Health"}, {"id": 115, "amount": 0.670643, "month": 1, "date": 12, "orig": "Guangdong", "dest": "Beijing", "cause": "Public Health"}, {"id": 116, "amount": 0.6, "month": 3, "date": 2, "orig": "Guangdong", "dest": "Jiangsu", "cause": "Social Welfare & Poverty Alleviation"}, {"id": 116, "amount": 0.6, "month": 3, "date": 2, "orig": "Guangdong", "dest": "Jiangsu", "cause": "Social Welfare & Poverty Alleviation"}, {"id": 117, "amount": 0.57, "month": 12, "date": 20, "orig": "Guangdong", "dest": "Beijing", "cause": "Public Health"}, {"id": 117, "amount": 0.57, "month": 12, "date": 20, "orig": "Guangdong", "dest": "Beijing", "cause": "Public Health"}, {"id": 118, "amount": 0.5, "month": 8, "date": 5, "orig": "Guangdong", "dest": "Beijing", "cause": "Public Health"}, {"id": 118, "amount": 0.5, "month": 8, "date": 5, "orig": "Guangdong", "dest": "Beijing", "cause": "Public Health"}, {"id": 119, "amount": 0.479393, "month": 1, "date": 12, "orig": "Guangdong", "dest": "Beijing", "cause": "Social Welfare & Poverty Alleviation"}, {"id": 119, "amount": 0.479393, "month": 1, "date": 12, "orig": "Guangdong", "dest": "Beijing", "cause": "Social Welfare & Poverty Alleviation"}, {"id": 120, "amount": 0.39, "month": 12, "date": 20, "orig": "Guangdong", "dest": "Beijing", "cause": "Public Health"}, {"id": 120, "amount": 0.39, "month": 12, "date": 20, "orig": "Guangdong", "dest": "Beijing", "cause": "Public Health"}, {"id": 121, "amount": 0.351622, "month": 1, "date": 12, "orig": "Guangdong", "dest": "Beijing", "cause": "Education"}, {"id": 121, "amount": 0.351622, "month": 1, "date": 12, "orig": "Guangdong", "dest": "Beijing", "cause": "Education"}, {"id": 122, "amount": 0.33, "month": 12, "date": 20, "orig": "Guangdong", "dest": "Beijing", "cause": "Social Welfare & Poverty Alleviation"}, {"id": 122, "amount": 0.33, "month": 12, "date": 20, "orig": "Guangdong", "dest": "Beijing", "cause": "Social Welfare & Poverty Alleviation"}, {"id": 123, "amount": 0.3, "month": 11, "date": 9, "orig": "Guangdong", "dest": "Jiangsu", "cause": "Unspecified"}, {"id": 123, "amount": 0.3, "month": 11, "date": 9, "orig": "Guangdong", "dest": "Jiangsu", "cause": "Unspecified"}, {"id": 124, "amount": 0.29164391, "month": 12, "date": 20, "orig": "Guangdong", "dest": "Shanghai", "cause": "Social Welfare & Poverty Alleviation"}, {"id": 124, "amount": 0.29164391, "month": 12, "date": 20, "orig": "Guangdong", "dest": "Shanghai", "cause": "Social Welfare & Poverty Alleviation"}, {"id": 125, "amount": 0.28, "month": 12, "date": 19, "orig": "Guangdong", "dest": "Beijing", "cause": "Unspecified"}, {"id": 125, "amount": 0.28, "month": 12, "date": 19, "orig": "Guangdong", "dest": "Beijing", "cause": "Unspecified"}, {"id": 126, "amount": 0.27, "month": 12, "date": 20, "orig": "Guangdong", "dest": "Beijing", "cause": "Social Welfare & Poverty Alleviation"}, {"id": 126, "amount": 0.27, "month": 12, "date": 20, "orig": "Guangdong", "dest": "Beijing", "cause": "Social Welfare & Poverty Alleviation"}, {"id": 127, "amount": 0.257785, "month": 1, "date": 12, "orig": "Guangdong", "dest": "Beijing", "cause": "Social Welfare & Poverty Alleviation"}, {"id": 127, "amount": 0.257785, "month": 1, "date": 12, "orig": "Guangdong", "dest": "Beijing", "cause": "Social Welfare & Poverty Alleviation"}, {"id": 128, "amount": 0.251651, "month": 1, "date": 12, "orig": "Guangdong", "dest": "Beijing", "cause": "Public Health"}, {"id": 128, "amount": 0.251651, "month": 1, "date": 12, "orig": "Guangdong", "dest": "Beijing", "cause": "Public Health"}, {"id": 129, "amount": 0.25, "month": 12, "date": 20, "orig": "Guangdong", "dest": "Beijing", "cause": "Education"}, {"id": 129, "amount": 0.25, "month": 12, "date": 20, "orig": "Guangdong", "dest": "Beijing", "cause": "Education"}, {"id": 130, "amount": 0.24, "month": 12, "date": 20, "orig": "Guangdong", "dest": "Beijing", "cause": "Education"}, {"id": 130, "amount": 0.24, "month": 12, "date": 20, "orig": "Guangdong", "dest": "Beijing", "cause": "Education"}, {"id": 131, "amount": 0.23, "month": 12, "date": 20, "orig": "Guangdong", "dest": "Beijing", "cause": "Social Welfare & Poverty Alleviation"}, {"id": 131, "amount": 0.23, "month": 12, "date": 20, "orig": "Guangdong", "dest": "Beijing", "cause": "Social Welfare & Poverty Alleviation"}, {"id": 132, "amount": 0.22755, "month": 1, "date": 12, "orig": "Guangdong", "dest": "Beijing", "cause": "Education"}, {"id": 132, "amount": 0.22755, "month": 1, "date": 12, "orig": "Guangdong", "dest": "Beijing", "cause": "Education"}, {"id": 133, "amount": 0.22, "month": 12, "date": 20, "orig": "Guangdong", "dest": "Beijing", "cause": "Social Welfare & Poverty Alleviation"}, {"id": 133, "amount": 0.22, "month": 12, "date": 20, "orig": "Guangdong", "dest": "Beijing", "cause": "Social Welfare & Poverty Alleviation"}, {"id": 134, "amount": 0.22, "month": 12, "date": 20, "orig": "Guangdong", "dest": "Beijing", "cause": "Social Welfare & Poverty Alleviation"}, {"id": 134, "amount": 0.22, "month": 12, "date": 20, "orig": "Guangdong", "dest": "Beijing", "cause": "Social Welfare & Poverty Alleviation"}, {"id": 135, "amount": 0.21, "month": 12, "date": 20, "orig": "Guangdong", "dest": "Beijing", "cause": "Public Health"}, {"id": 135, "amount": 0.21, "month": 12, "date": 20, "orig": "Guangdong", "dest": "Beijing", "cause": "Public Health"}, {"id": 136, "amount": 0.195192, "month": 1, "date": 12, "orig": "Guangdong", "dest": "Beijing", "cause": "Public Health"}, {"id": 136, "amount": 0.195192, "month": 1, "date": 12, "orig": "Guangdong", "dest": "Beijing", "cause": "Public Health"}, {"id": 137, "amount": 0.19, "month": 12, "date": 20, "orig": "Guangdong", "dest": "Beijing", "cause": "Social Welfare & Poverty Alleviation"}, {"id": 137, "amount": 0.19, "month": 12, "date": 20, "orig": "Guangdong", "dest": "Beijing", "cause": "Social Welfare & Poverty Alleviation"}, {"id": 138, "amount": 0.18, "month": 12, "date": 20, "orig": "Guangdong", "dest": "Beijing", "cause": "Education"}, {"id": 138, "amount": 0.18, "month": 12, "date": 20, "orig": "Guangdong", "dest": "Beijing", "cause": "Education"}, {"id": 139, "amount": 0.170684, "month": 1, "date": 12, "orig": "Guangdong", "dest": "Beijing", "cause": "Social Welfare & Poverty Alleviation"}, {"id": 139, "amount": 0.170684, "month": 1, "date": 12, "orig": "Guangdong", "dest": "Beijing", "cause": "Social Welfare & Poverty Alleviation"}, {"id": 140, "amount": 0.14, "month": 12, "date": 20, "orig": "Guangdong", "dest": "Beijing", "cause": "Social Welfare & Poverty Alleviation"}, {"id": 140, "amount": 0.14, "month": 12, "date": 20, "orig": "Guangdong", "dest": "Beijing", "cause": "Social Welfare & Poverty Alleviation"}, {"id": 141, "amount": 0.13, "month": 12, "date": 20, "orig": "Guangdong", "dest": "Beijing", "cause": "Public Health"}, {"id": 141, "amount": 0.13, "month": 12, "date": 20, "orig": "Guangdong", "dest": "Beijing", "cause": "Public Health"}, {"id": 142, "amount": 0.12, "month": 12, "date": 20, "orig": "Guangdong", "dest": "Beijing", "cause": "Social Welfare & Poverty Alleviation"}, {"id": 142, "amount": 0.12, "month": 12, "date": 20, "orig": "Guangdong", "dest": "Beijing", "cause": "Social Welfare & Poverty Alleviation"}, {"id": 143, "amount": 0.118725, "month": 1, "date": 12, "orig": "Guangdong", "dest": "Beijing", "cause": "Social Welfare & Poverty Alleviation"}, {"id": 143, "amount": 0.118725, "month": 1, "date": 12, "orig": "Guangdong", "dest": "Beijing", "cause": "Social Welfare & Poverty Alleviation"}, {"id": 144, "amount": 0.11011145, "month": 12, "date": 23, "orig": "Guangdong", "dest": "Beijing", "cause": "Education"}, {"id": 144, "amount": 0.11011145, "month": 12, "date": 23, "orig": "Guangdong", "dest": "Beijing", "cause": "Education"}, {"id": 145, "amount": 0.11, "month": 12, "date": 20, "orig": "Guangdong", "dest": "Beijing", "cause": "Education"}, {"id": 145, "amount": 0.11, "month": 12, "date": 20, "orig": "Guangdong", "dest": "Beijing", "cause": "Education"}, {"id": 146, "amount": 0.103787, "month": 1, "date": 12, "orig": "Guangdong", "dest": "Beijing", "cause": "Social Welfare & Poverty Alleviation"}, {"id": 146, "amount": 0.103787, "month": 1, "date": 12, "orig": "Guangdong", "dest": "Beijing", "cause": "Social Welfare & Poverty Alleviation"}, {"id": 147, "amount": 0.102018, "month": 1, "date": 12, "orig": "Guangdong", "dest": "Beijing", "cause": "Social Welfare & Poverty Alleviation"}, {"id": 147, "amount": 0.102018, "month": 1, "date": 12, "orig": "Guangdong", "dest": "Beijing", "cause": "Social Welfare & Poverty Alleviation"}, {"id": 148, "amount": 80.0, "month": 7, "date": 20, "orig": "Shanghai", "dest": "Beijing", "cause": "Culture"}, {"id": 148, "amount": 80.0, "month": 7, "date": 20, "orig": "Shanghai", "dest": "Beijing", "cause": "Culture"}, {"id": 149, "amount": 65.0, "month": "", "date": "", "orig": "Beijing", "dest": "Beijing", "cause": "Education"}, {"id": 149, "amount": 65.0, "month": "", "date": "", "orig": "Beijing", "dest": "Beijing", "cause": "Education"}, {"id": 150, "amount": 3.0, "month": "", "date": "", "orig": "Beijing", "dest": "Sichuan", "cause": "Education"}, {"id": 150, "amount": 3.0, "month": "", "date": "", "orig": "Beijing", "dest": "Sichuan", "cause": "Education"}, {"id": 151, "amount": 1.05, "month": "", "date": "", "orig": "Beijing", "dest": "Beijing", "cause": "Education"}, {"id": 151, "amount": 1.05, "month": "", "date": "", "orig": "Beijing", "dest": "Beijing", "cause": "Education"}, {"id": 152, "amount": 1.0, "month": "", "date": "", "orig": "Beijing", "dest": "Beijing", "cause": "Education"}, {"id": 152, "amount": 1.0, "month": "", "date": "", "orig": "Beijing", "dest": "Beijing", "cause": "Education"}, {"id": 153, "amount": 8.0, "month": "", "date": "", "orig": "Beijing", "dest": "Beijing", "cause": "Social Welfare & Poverty Alleviation"}, {"id": 153, "amount": 8.0, "month": "", "date": "", "orig": "Beijing", "dest": "Beijing", "cause": "Social Welfare & Poverty Alleviation"}, {"id": 154, "amount": 10.0, "month": "", "date": "", "orig": "Beijing", "dest": "Jilin", "cause": "Education"}, {"id": 154, "amount": 10.0, "month": "", "date": "", "orig": "Beijing", "dest": "Jilin", "cause": "Education"}, {"id": 155, "amount": 60.0, "month": 8, "date": 5, "orig": "Guangxi", "dest": "Guangdong", "cause": "Social Welfare & Poverty Alleviation"}, {"id": 155, "amount": 60.0, "month": 8, "date": 5, "orig": "Guangxi", "dest": "Guangdong", "cause": "Social Welfare & Poverty Alleviation"}, {"id": 156, "amount": 24.720522, "month": 6, "date": "", "orig": "Guangdong", "dest": "Beijing", "cause": "Unspecified"}, {"id": 156, "amount": 24.720522, "month": 6, "date": "", "orig": "Guangdong", "dest": "Beijing", "cause": "Unspecified"}, {"id": 157, "amount": 13.215636, "month": 6, "date": "", "orig": "Guangdong", "dest": "Beijing", "cause": "Unspecified"}, {"id": 157, "amount": 13.215636, "month": 6, "date": "", "orig": "Guangdong", "dest": "Beijing", "cause": "Unspecified"}, {"id": 158, "amount": 10.36200525, "month": 7, "date": "", "orig": "Guangdong", "dest": "Beijing", "cause": "Unspecified"}, {"id": 158, "amount": 10.36200525, "month": 7, "date": "", "orig": "Guangdong", "dest": "Beijing", "cause": "Unspecified"}, {"id": 159, "amount": 5.861604, "month": 8, "date": "", "orig": "Guangdong", "dest": "Beijing", "cause": "Unspecified"}, {"id": 159, "amount": 5.861604, "month": 8, "date": "", "orig": "Guangdong", "dest": "Beijing", "cause": "Unspecified"}, {"id": 160, "amount": 3.245586, "month": 5, "date": "", "orig": "Guangdong", "dest": "Beijing", "cause": "Unspecified"}, {"id": 160, "amount": 3.245586, "month": 5, "date": "", "orig": "Guangdong", "dest": "Beijing", "cause": "Unspecified"}, {"id": 161, "amount": 0.4540475, "month": 4, "date": "", "orig": "Guangdong", "dest": "Beijing", "cause": "Unspecified"}, {"id": 161, "amount": 0.4540475, "month": 4, "date": "", "orig": "Guangdong", "dest": "Beijing", "cause": "Unspecified"}, {"id": 162, "amount": 0.4411745, "month": 5, "date": "", "orig": "Guangdong", "dest": "Beijing", "cause": "Unspecified"}, {"id": 162, "amount": 0.4411745, "month": 5, "date": "", "orig": "Guangdong", "dest": "Beijing", "cause": "Unspecified"}, {"id": 163, "amount": 57.5, "month": 5, "date": 31, "orig": "Chongqing", "dest": "Chongqing", "cause": "Social Welfare & Poverty Alleviation"}, {"id": 163, "amount": 57.5, "month": 5, "date": 31, "orig": "Chongqing", "dest": "Chongqing", "cause": "Social Welfare & Poverty Alleviation"}, {"id": 164, "amount": 50.0, "month": 12, "date": 22, "orig": "Anhui", "dest": "Beijing", "cause": "Unspecified"}, {"id": 164, "amount": 50.0, "month": 12, "date": 22, "orig": "Anhui", "dest": "Beijing", "cause": "Unspecified"}, {"id": 165, "amount": 50.0, "month": 8, "date": 3, "orig": "Anhui", "dest": "Guangdong", "cause": "Unspecified"}, {"id": 165, "amount": 50.0, "month": 8, "date": 3, "orig": "Anhui", "dest": "Guangdong", "cause": "Unspecified"}, {"id": 166, "amount": 50.0, "month": 1, "date": 28, "orig": "Beijing", "dest": "Hubei", "cause": "Social Welfare & Poverty Alleviation"}, {"id": 166, "amount": 50.0, "month": 1, "date": 28, "orig": "Beijing", "dest": "Hubei", "cause": "Social Welfare & Poverty Alleviation"}, {"id": 167, "amount": 50.0, "month": 9, "date": 4, "orig": "Henan", "dest": "Henan", "cause": "Unspecified"}, {"id": 167, "amount": 50.0, "month": 9, "date": 4, "orig": "Henan", "dest": "Henan", "cause": "Unspecified"}, {"id": 168, "amount": 50.0, "month": 12, "date": 20, "orig": "Beijing", "dest": "Beijing", "cause": "Education"}, {"id": 168, "amount": 50.0, "month": 12, "date": 20, "orig": "Beijing", "dest": "Beijing", "cause": "Education"}, {"id": 169, "amount": 50.0, "month": 12, "date": 20, "orig": "Sichuan", "dest": "Sichuan", "cause": "Education"}, {"id": 169, "amount": 50.0, "month": 12, "date": 20, "orig": "Sichuan", "dest": "Sichuan", "cause": "Education"}, {"id": 170, "amount": 50.0, "month": 12, "date": 20, "orig": "Sichuan", "dest": "Sichuan", "cause": "Education"}, {"id": 170, "amount": 50.0, "month": 12, "date": 20, "orig": "Sichuan", "dest": "Sichuan", "cause": "Education"}, {"id": 171, "amount": 50.0, "month": 4, "date": 8, "orig": "Shanghai", "dest": "Shanghai", "cause": "Education"}, {"id": 171, "amount": 50.0, "month": 4, "date": 8, "orig": "Shanghai", "dest": "Shanghai", "cause": "Education"}, {"id": 172, "amount": 30.0, "month": 5, "date": 30, "orig": "Guangdong", "dest": "Guangdong", "cause": "Social Welfare & Poverty Alleviation"}, {"id": 172, "amount": 30.0, "month": 5, "date": 30, "orig": "Guangdong", "dest": "Guangdong", "cause": "Social Welfare & Poverty Alleviation"}, {"id": 173, "amount": 15.79, "month": "", "date": "", "orig": "Guangdong", "dest": "Guangdong", "cause": "Social Welfare & Poverty Alleviation"}, {"id": 173, "amount": 15.79, "month": "", "date": "", "orig": "Guangdong", "dest": "Guangdong", "cause": "Social Welfare & Poverty Alleviation"}, {"id": 174, "amount": 20.0, "month": 3, "date": 31, "orig": "Shanghai", "dest": "Shanghai", "cause": "Environment"}, {"id": 174, "amount": 20.0, "month": 3, "date": 31, "orig": "Shanghai", "dest": "Shanghai", "cause": "Environment"}, {"id": 175, "amount": 20.0, "month": 3, "date": 31, "orig": "Shanghai", "dest": "Shanghai", "cause": "Education"}, {"id": 175, "amount": 20.0, "month": 3, "date": 31, "orig": "Shanghai", "dest": "Shanghai", "cause": "Education"}, {"id": 176, "amount": 38.0, "month": 9, "date": 6, "orig": "Guangdong", "dest": "Guangdong", "cause": "Education"}, {"id": 176, "amount": 38.0, "month": 9, "date": 6, "orig": "Guangdong", "dest": "Guangdong", "cause": "Education"}, {"id": 177, "amount": 17.1, "month": 11, "date": 18, "orig": "Guangdong", "dest": "Guangdong", "cause": "Education"}, {"id": 177, "amount": 17.1, "month": 11, "date": 18, "orig": "Guangdong", "dest": "Guangdong", "cause": "Education"}, {"id": 178, "amount": 17.1, "month": 9, "date": 28, "orig": "Guangdong", "dest": "Beijing", "cause": "Culture"}, {"id": 178, "amount": 17.1, "month": 9, "date": 28, "orig": "Guangdong", "dest": "Beijing", "cause": "Culture"}, {"id": 179, "amount": 10.0, "month": 11, "date": 30, "orig": "Beijing", "dest": "Beijing", "cause": "Public Health"}, {"id": 179, "amount": 10.0, "month": 11, "date": 30, "orig": "Beijing", "dest": "Beijing", "cause": "Public Health"}, {"id": 180, "amount": 8.0, "month": 8, "date": 5, "orig": "Beijing", "dest": "Beijing", "cause": "Social Welfare & Poverty Alleviation"}, {"id": 180, "amount": 8.0, "month": 8, "date": 5, "orig": "Beijing", "dest": "Beijing", "cause": "Social Welfare & Poverty Alleviation"}, {"id": 181, "amount": 6.16, "month": 2, "date": 26, "orig": "Beijing", "dest": "Beijing", "cause": "Social Welfare & Poverty Alleviation"}, {"id": 181, "amount": 6.16, "month": 2, "date": 26, "orig": "Beijing", "dest": "Beijing", "cause": "Social Welfare & Poverty Alleviation"}, {"id": 182, "amount": 10.0, "month": 9, "date": 28, "orig": "Beijing", "dest": "Beijing", "cause": "Culture"}, {"id": 182, "amount": 10.0, "month": 9, "date": 28, "orig": "Beijing", "dest": "Beijing", "cause": "Culture"}, {"id": 183, "amount": 32.5, "month": 5, "date": 4, "orig": "Zhejiang", "dest": "United States", "cause": "Education"}, {"id": 183, "amount": 32.5, "month": 5, "date": 4, "orig": "Zhejiang", "dest": "United States", "cause": "Education"}, {"id": 184, "amount": 32.0, "month": 1, "date": 28, "orig": "Hubei", "dest": "Hubei", "cause": "Social Welfare & Poverty Alleviation"}, {"id": 184, "amount": 32.0, "month": 1, "date": 28, "orig": "Hubei", "dest": "Hubei", "cause": "Social Welfare & Poverty Alleviation"}, {"id": 185, "amount": 2.0, "month": "", "date": "", "orig": "Henan", "dest": "Henan", "cause": "Unspecified"}, {"id": 185, "amount": 2.0, "month": "", "date": "", "orig": "Henan", "dest": "Henan", "cause": "Unspecified"}, {"id": 186, "amount": 20.0, "month": "", "date": "", "orig": "Henan", "dest": "Henan", "cause": "Unspecified"}, {"id": 186, "amount": 20.0, "month": "", "date": "", "orig": "Henan", "dest": "Henan", "cause": "Unspecified"}, {"id": 187, "amount": 2.68, "month": "", "date": "", "orig": "Henan", "dest": "Henan", "cause": "Unspecified"}, {"id": 187, "amount": 2.68, "month": "", "date": "", "orig": "Henan", "dest": "Henan", "cause": "Unspecified"}, {"id": 188, "amount": 1.324, "month": "", "date": "", "orig": "Henan", "dest": "Henan", "cause": "Unspecified"}, {"id": 188, "amount": 1.324, "month": "", "date": "", "orig": "Henan", "dest": "Henan", "cause": "Unspecified"}, {"id": 189, "amount": 2.0, "month": "", "date": "", "orig": "Henan", "dest": "Henan", "cause": "Unspecified"}, {"id": 189, "amount": 2.0, "month": "", "date": "", "orig": "Henan", "dest": "Henan", "cause": "Unspecified"}, {"id": 190, "amount": 3.0, "month": "", "date": "", "orig": "Henan", "dest": "Henan", "cause": "Unspecified"}, {"id": 190, "amount": 3.0, "month": "", "date": "", "orig": "Henan", "dest": "Henan", "cause": "Unspecified"}, {"id": 191, "amount": 30.5, "month": 6, "date": 6, "orig": "Jiangsu", "dest": "Jiangsu", "cause": "Education"}, {"id": 191, "amount": 30.5, "month": 6, "date": 6, "orig": "Jiangsu", "dest": "Jiangsu", "cause": "Education"}, {"id": 192, "amount": 30.0, "month": 12, "date": 8, "orig": "Guangdong", "dest": "Hebei", "cause": "Social Welfare & Poverty Alleviation"}, {"id": 192, "amount": 30.0, "month": 12, "date": 8, "orig": "Guangdong", "dest": "Hebei", "cause": "Social Welfare & Poverty Alleviation"}, {"id": 193, "amount": 30.0, "month": 8, "date": 5, "orig": "Guangdong", "dest": "Guangdong", "cause": "Social Welfare & Poverty Alleviation"}, {"id": 193, "amount": 30.0, "month": 8, "date": 5, "orig": "Guangdong", "dest": "Guangdong", "cause": "Social Welfare & Poverty Alleviation"}, {"id": 194, "amount": 30.0, "month": 8, "date": 3, "orig": "Jiangsu", "dest": "Guangdong", "cause": "Social Welfare & Poverty Alleviation"}, {"id": 194, "amount": 30.0, "month": 8, "date": 3, "orig": "Jiangsu", "dest": "Guangdong", "cause": "Social Welfare & Poverty Alleviation"}, {"id": 195, "amount": 30.0, "month": 8, "date": 3, "orig": "Jiangsu", "dest": "Guangdong", "cause": "Social Welfare & Poverty Alleviation"}, {"id": 195, "amount": 30.0, "month": 8, "date": 3, "orig": "Jiangsu", "dest": "Guangdong", "cause": "Social Welfare & Poverty Alleviation"}, {"id": 196, "amount": 30.0, "month": 1, "date": 28, "orig": "Hubei", "dest": "Hubei", "cause": "Social Welfare & Poverty Alleviation"}, {"id": 196, "amount": 30.0, "month": 1, "date": 28, "orig": "Hubei", "dest": "Hubei", "cause": "Social Welfare & Poverty Alleviation"}, {"id": 197, "amount": 30.0, "month": 8, "date": 8, "orig": "Guangdong", "dest": "Guangdong", "cause": "Education"}, {"id": 197, "amount": 30.0, "month": 8, "date": 8, "orig": "Guangdong", "dest": "Guangdong", "cause": "Education"}, {"id": 198, "amount": 30.0, "month": 5, "date": 8, "orig": "Sichuan", "dest": "Sichuan", "cause": "Education"}, {"id": 198, "amount": 30.0, "month": 5, "date": 8, "orig": "Sichuan", "dest": "Sichuan", "cause": "Education"}, {"id": 199, "amount": 30.0, "month": 6, "date": 26, "orig": "Hubei", "dest": "Hubei", "cause": "Education"}, {"id": 199, "amount": 30.0, "month": 6, "date": 26, "orig": "Hubei", "dest": "Hubei", "cause": "Education"}, {"id": 200, "amount": 30.0, "month": 5, "date": 20, "orig": "Zhejiang", "dest": "Zhejiang", "cause": "Education"}, {"id": 200, "amount": 30.0, "month": 5, "date": 20, "orig": "Zhejiang", "dest": "Zhejiang", "cause": "Education"}, {"id": 201, "amount": 27.0, "month": 4, "date": 29, "orig": "Guangdong", "dest": "Beijing", "cause": "Culture"}, {"id": 201, "amount": 27.0, "month": 4, "date": 29, "orig": "Guangdong", "dest": "Beijing", "cause": "Culture"}, {"id": 202, "amount": 26.0, "month": "", "date": "", "orig": "Guangdong", "dest": "Guangdong", "cause": "Social Welfare & Poverty Alleviation"}, {"id": 202, "amount": 26.0, "month": "", "date": "", "orig": "Guangdong", "dest": "Guangdong", "cause": "Social Welfare & Poverty Alleviation"}, {"id": 203, "amount": 25.0, "month": 3, "date": 1, "orig": "Guangdong", "dest": "Guangdong", "cause": "Education"}, {"id": 203, "amount": 25.0, "month": 3, "date": 1, "orig": "Guangdong", "dest": "Guangdong", "cause": "Education"}, {"id": 204, "amount": 25.0, "month": 3, "date": 1, "orig": "Guangdong", "dest": "Guangdong", "cause": "Education"}, {"id": 204, "amount": 25.0, "month": 3, "date": 1, "orig": "Guangdong", "dest": "Guangdong", "cause": "Education"}, {"id": 205, "amount": 10.0, "month": "", "date": "", "orig": "Beijing", "dest": "Beijing", "cause": "Social Welfare & Poverty Alleviation"}, {"id": 205, "amount": 10.0, "month": "", "date": "", "orig": "Beijing", "dest": "Beijing", "cause": "Social Welfare & Poverty Alleviation"}, {"id": 206, "amount": 6.0, "month": 6, "date": 6, "orig": "Beijing", "dest": "Tibet", "cause": "Public Health"}, {"id": 206, "amount": 6.0, "month": 6, "date": 6, "orig": "Beijing", "dest": "Tibet", "cause": "Public Health"}, {"id": 207, "amount": 5.0, "month": 6, "date": "", "orig": "Beijing", "dest": "Beijing", "cause": "Unspecified"}, {"id": 207, "amount": 5.0, "month": 6, "date": "", "orig": "Beijing", "dest": "Beijing", "cause": "Unspecified"}, {"id": 208, "amount": 1.0, "month": 6, "date": 6, "orig": "Beijing", "dest": "Yunnan", "cause": "Public Health"}, {"id": 208, "amount": 1.0, "month": 6, "date": 6, "orig": "Beijing", "dest": "Yunnan", "cause": "Public Health"}, {"id": 209, "amount": 1.0, "month": 6, "date": 6, "orig": "Beijing", "dest": "Gansu", "cause": "Public Health"}, {"id": 209, "amount": 1.0, "month": 6, "date": 6, "orig": "Beijing", "dest": "Gansu", "cause": "Public Health"}, {"id": 210, "amount": 1.0, "month": 6, "date": 6, "orig": "Beijing", "dest": "Sichuan", "cause": "Public Health"}, {"id": 210, "amount": 1.0, "month": 6, "date": 6, "orig": "Beijing", "dest": "Sichuan", "cause": "Public Health"}, {"id": 211, "amount": 1.0, "month": 6, "date": 6, "orig": "Beijing", "dest": "Qinghai", "cause": "Public Health"}, {"id": 211, "amount": 1.0, "month": 6, "date": 6, "orig": "Beijing", "dest": "Qinghai", "cause": "Public Health"}, {"id": 212, "amount": 15.0, "month": 9, "date": 0, "orig": "Guangdong", "dest": "Beijing", "cause": "Education"}, {"id": 212, "amount": 15.0, "month": 9, "date": 0, "orig": "Guangdong", "dest": "Beijing", "cause": "Education"}, {"id": 213, "amount": 10.0, "month": 7, "date": 31, "orig": "Guangdong", "dest": "Beijing", "cause": "Education"}, {"id": 213, "amount": 10.0, "month": 7, "date": 31, "orig": "Guangdong", "dest": "Beijing", "cause": "Education"}, {"id": 214, "amount": 10.0, "month": 9, "date": 5, "orig": "Hubei", "dest": "Hubei", "cause": "Unspecified"}, {"id": 214, "amount": 10.0, "month": 9, "date": 5, "orig": "Hubei", "dest": "Hubei", "cause": "Unspecified"}, {"id": 215, "amount": 2.0, "month": 7, "date": 16, "orig": "Hubei", "dest": "Hubei", "cause": "Disaster Relief"}, {"id": 215, "amount": 2.0, "month": 7, "date": 16, "orig": "Hubei", "dest": "Hubei", "cause": "Disaster Relief"}, {"id": 216, "amount": 10.0, "month": 1, "date": 28, "orig": "Hubei", "dest": "Hubei", "cause": "Social Welfare & Poverty Alleviation"}, {"id": 216, "amount": 10.0, "month": 1, "date": 28, "orig": "Hubei", "dest": "Hubei", "cause": "Social Welfare & Poverty Alleviation"}, {"id": 217, "amount": 1.0, "month": 9, "date": 6, "orig": "Hubei", "dest": "Anhui", "cause": "Education"}, {"id": 217, "amount": 1.0, "month": 9, "date": 6, "orig": "Hubei", "dest": "Anhui", "cause": "Education"}, {"id": 218, "amount": 1.0, "month": 5, "date": 26, "orig": "Hubei", "dest": "Beijing", "cause": "Public Health"}, {"id": 218, "amount": 1.0, "month": 5, "date": 26, "orig": "Hubei", "dest": "Beijing", "cause": "Public Health"}, {"id": 219, "amount": 1.0, "month": 5, "date": 26, "orig": "Hubei", "dest": "Beijing", "cause": "Public Health"}, {"id": 219, "amount": 1.0, "month": 5, "date": 26, "orig": "Hubei", "dest": "Beijing", "cause": "Public Health"}, {"id": 220, "amount": 1.0, "month": 3, "date": 4, "orig": "Hubei", "dest": "Beijing", "cause": "Public Health"}, {"id": 220, "amount": 1.0, "month": 3, "date": 4, "orig": "Hubei", "dest": "Beijing", "cause": "Public Health"}, {"id": 221, "amount": 22.67, "month": 8, "date": 15, "orig": "Guangdong", "dest": "Beijing", "cause": "Education"}, {"id": 221, "amount": 22.67, "month": 8, "date": 15, "orig": "Guangdong", "dest": "Beijing", "cause": "Education"}, {"id": 222, "amount": 16.11, "month": 12, "date": 29, "orig": "Beijing", "dest": "Beijing", "cause": "Social Welfare & Poverty Alleviation"}, {"id": 222, "amount": 16.11, "month": 12, "date": 29, "orig": "Beijing", "dest": "Beijing", "cause": "Social Welfare & Poverty Alleviation"}, {"id": 223, "amount": 2.8, "month": 12, "date": 28, "orig": "Beijing", "dest": "Beijing", "cause": "Environment"}, {"id": 223, "amount": 2.8, "month": 12, "date": 28, "orig": "Beijing", "dest": "Beijing", "cause": "Environment"}, {"id": 224, "amount": 1.25, "month": 1, "date": 13, "orig": "Beijing", "dest": "Shanghai", "cause": "Unspecified"}, {"id": 224, "amount": 1.25, "month": 1, "date": 13, "orig": "Beijing", "dest": "Shanghai", "cause": "Unspecified"}, {"id": 225, "amount": 1.0, "month": 10, "date": 18, "orig": "Beijing", "dest": "Shanghai", "cause": "Unspecified"}, {"id": 225, "amount": 1.0, "month": 10, "date": 18, "orig": "Beijing", "dest": "Shanghai", "cause": "Unspecified"}, {"id": 226, "amount": 0.75, "month": 2, "date": 1, "orig": "Beijing", "dest": "Shanghai", "cause": "Unspecified"}, {"id": 226, "amount": 0.75, "month": 2, "date": 1, "orig": "Beijing", "dest": "Shanghai", "cause": "Unspecified"}, {"id": 227, "amount": 0.5, "month": 3, "date": 28, "orig": "Beijing", "dest": "Shanghai", "cause": "Unspecified"}, {"id": 227, "amount": 0.5, "month": 3, "date": 28, "orig": "Beijing", "dest": "Shanghai", "cause": "Unspecified"}, {"id": 228, "amount": 0.1, "month": 11, "date": 22, "orig": "Beijing", "dest": "Shanghai", "cause": "Unspecified"}, {"id": 228, "amount": 0.1, "month": 11, "date": 22, "orig": "Beijing", "dest": "Shanghai", "cause": "Unspecified"}, {"id": 229, "amount": 20.0, "month": 5, "date": 19, "orig": "Fujian", "dest": "Yunnan", "cause": "Public Health"}, {"id": 229, "amount": 20.0, "month": 5, "date": 19, "orig": "Fujian", "dest": "Yunnan", "cause": "Public Health"}, {"id": 230, "amount": 2.0, "month": 8, "date": 10, "orig": "Fujian", "dest": "Fujian", "cause": "Disaster Relief"}, {"id": 230, "amount": 2.0, "month": 8, "date": 10, "orig": "Fujian", "dest": "Fujian", "cause": "Disaster Relief"}, {"id": 231, "amount": 22.0, "month": "", "date": "", "orig": "Beijing", "dest": "Beijing", "cause": "Education"}, {"id": 231, "amount": 22.0, "month": "", "date": "", "orig": "Beijing", "dest": "Beijing", "cause": "Education"}, {"id": 232, "amount": 20.0, "month": 10, "date": 21, "orig": "Beijing", "dest": "Beijing", "cause": "Education"}, {"id": 232, "amount": 20.0, "month": 10, "date": 21, "orig": "Beijing", "dest": "Beijing", "cause": "Education"}, {"id": 233, "amount": 1.9265, "month": "", "date": "", "orig": "Beijing", "dest": "Beijing", "cause": "Social Welfare & Poverty Alleviation"}, {"id": 233, "amount": 1.9265, "month": "", "date": "", "orig": "Beijing", "dest": "Beijing", "cause": "Social Welfare & Poverty Alleviation"}, {"id": 234, "amount": 21.0, "month": 3, "date": 25, "orig": "Fujian", "dest": "Shaanxi", "cause": "Education"}, {"id": 234, "amount": 21.0, "month": 3, "date": 25, "orig": "Fujian", "dest": "Shaanxi", "cause": "Education"}, {"id": 235, "amount": 11.0, "month": "", "date": "", "orig": "Beijing", "dest": "Sichuan", "cause": "Education"}, {"id": 235, "amount": 11.0, "month": "", "date": "", "orig": "Beijing", "dest": "Sichuan", "cause": "Education"}, {"id": 236, "amount": 6.0, "month": "", "date": "", "orig": "Beijing", "dest": "Zhejiang", "cause": "Education"}, {"id": 236, "amount": 6.0, "month": "", "date": "", "orig": "Beijing", "dest": "Zhejiang", "cause": "Education"}, {"id": 237, "amount": 1.6, "month": "", "date": "", "orig": "Beijing", "dest": "Zhejiang", "cause": "Education"}, {"id": 237, "amount": 1.6, "month": "", "date": "", "orig": "Beijing", "dest": "Zhejiang", "cause": "Education"}, {"id": 238, "amount": 1.0, "month": "", "date": "", "orig": "Beijing", "dest": "Zhejiang", "cause": "Education"}, {"id": 238, "amount": 1.0, "month": "", "date": "", "orig": "Beijing", "dest": "Zhejiang", "cause": "Education"}, {"id": 239, "amount": 1.0, "month": "", "date": "", "orig": "Beijing", "dest": "Zhejiang", "cause": "Education"}, {"id": 239, "amount": 1.0, "month": "", "date": "", "orig": "Beijing", "dest": "Zhejiang", "cause": "Education"}, {"id": 240, "amount": 10.0, "month": 9, "date": 21, "orig": "Zhejiang", "dest": "Zhejiang", "cause": "Education"}, {"id": 240, "amount": 10.0, "month": 9, "date": 21, "orig": "Zhejiang", "dest": "Zhejiang", "cause": "Education"}, {"id": 241, "amount": 10.0, "month": 7, "date": 8, "orig": "Zhejiang", "dest": "Zhejiang", "cause": "Disaster Relief"}, {"id": 241, "amount": 10.0, "month": 7, "date": 8, "orig": "Zhejiang", "dest": "Zhejiang", "cause": "Disaster Relief"}, {"id": 242, "amount": 10.0, "month": 7, "date": 20, "orig": "Beijing", "dest": "Shandong", "cause": "Education"}, {"id": 242, "amount": 10.0, "month": 7, "date": 20, "orig": "Beijing", "dest": "Shandong", "cause": "Education"}, {"id": 243, "amount": 10.0, "month": 2, "date": 2, "orig": "Beijing", "dest": "Liaoning", "cause": "Social Welfare & Poverty Alleviation"}, {"id": 243, "amount": 10.0, "month": 2, "date": 2, "orig": "Beijing", "dest": "Liaoning", "cause": "Social Welfare & Poverty Alleviation"}, {"id": 244, "amount": 20.0, "month": 3, "date": "", "orig": "Shanghai", "dest": "Beijing", "cause": "Unspecified"}, {"id": 244, "amount": 20.0, "month": 3, "date": "", "orig": "Shanghai", "dest": "Beijing", "cause": "Unspecified"}, {"id": 245, "amount": 20.0, "month": 5, "date": 22, "orig": "Guangdong", "dest": "Guangdong", "cause": "Public Health"}, {"id": 245, "amount": 20.0, "month": 5, "date": 22, "orig": "Guangdong", "dest": "Guangdong", "cause": "Public Health"}, {"id": 246, "amount": 20.0, "month": 9, "date": 9, "orig": "Zhejiang", "dest": "Hubei", "cause": "Education"}, {"id": 246, "amount": 20.0, "month": 9, "date": 9, "orig": "Zhejiang", "dest": "Hubei", "cause": "Education"}, {"id": 247, "amount": 20.0, "month": 10, "date": 14, "orig": "Beijing", "dest": "Tianjin", "cause": "Education"}, {"id": 247, "amount": 20.0, "month": 10, "date": 14, "orig": "Beijing", "dest": "Tianjin", "cause": "Education"}, {"id": 248, "amount": 20.0, "month": 12, "date": 4, "orig": "Beijing", "dest": "Beijing", "cause": "Public Health"}, {"id": 248, "amount": 20.0, "month": 12, "date": 4, "orig": "Beijing", "dest": "Beijing", "cause": "Public Health"}, {"id": 249, "amount": 20.0, "month": 7, "date": 30, "orig": "Guangdong", "dest": "Xinjiang", "cause": "Unspecified"}, {"id": 249, "amount": 20.0, "month": 7, "date": 30, "orig": "Guangdong", "dest": "Xinjiang", "cause": "Unspecified"}, {"id": 250, "amount": 20.0, "month": 1, "date": 28, "orig": "Hubei", "dest": "Hubei", "cause": "Social Welfare & Poverty Alleviation"}, {"id": 250, "amount": 20.0, "month": 1, "date": 28, "orig": "Hubei", "dest": "Hubei", "cause": "Social Welfare & Poverty Alleviation"}, {"id": 251, "amount": 10.0, "month": 10, "date": 31, "orig": "Guangdong", "dest": "Guangdong", "cause": "Unspecified"}, {"id": 251, "amount": 10.0, "month": 10, "date": 31, "orig": "Guangdong", "dest": "Guangdong", "cause": "Unspecified"}, {"id": 252, "amount": 10.0, "month": 1, "date": 25, "orig": "Guangdong", "dest": "Guangdong", "cause": "Social Welfare & Poverty Alleviation"}, {"id": 252, "amount": 10.0, "month": 1, "date": 25, "orig": "Guangdong", "dest": "Guangdong", "cause": "Social Welfare & Poverty Alleviation"}, {"id": 253, "amount": 20.0, "month": 7, "date": 30, "orig": "Beijing", "dest": "Xinjiang", "cause": "Unspecified"}, {"id": 253, "amount": 20.0, "month": 7, "date": 30, "orig": "Beijing", "dest": "Xinjiang", "cause": "Unspecified"}, {"id": 254, "amount": 20.0, "month": 12, "date": 15, "orig": "Hubei", "dest": "Hubei", "cause": "Education"}, {"id": 254, "amount": 20.0, "month": 12, "date": 15, "orig": "Hubei", "dest": "Hubei", "cause": "Education"}, {"id": 255, "amount": 20.0, "month": 1, "date": 28, "orig": "Hubei", "dest": "Hubei", "cause": "Social Welfare & Poverty Alleviation"}, {"id": 255, "amount": 20.0, "month": 1, "date": 28, "orig": "Hubei", "dest": "Hubei", "cause": "Social Welfare & Poverty Alleviation"}, {"id": 256, "amount": 20.0, "month": "", "date": "", "orig": "Zhejiang", "dest": "Zhejiang", "cause": "Education"}, {"id": 256, "amount": 20.0, "month": "", "date": "", "orig": "Zhejiang", "dest": "Zhejiang", "cause": "Education"}, {"id": 257, "amount": 10.0, "month": 6, "date": 3, "orig": "Guangdong", "dest": "Beijing", "cause": "Social Welfare & Poverty Alleviation"}, {"id": 257, "amount": 10.0, "month": 6, "date": 3, "orig": "Guangdong", "dest": "Beijing", "cause": "Social Welfare & Poverty Alleviation"}, {"id": 258, "amount": 10.0, "month": 6, "date": 3, "orig": "Guangdong", "dest": "Beijing", "cause": "Unspecified"}, {"id": 258, "amount": 10.0, "month": 6, "date": 3, "orig": "Guangdong", "dest": "Beijing", "cause": "Unspecified"}, {"id": 259, "amount": 20.0, "month": 6, "date": 6, "orig": "Jiangsu", "dest": "Hunan", "cause": "Education"}, {"id": 259, "amount": 20.0, "month": 6, "date": 6, "orig": "Jiangsu", "dest": "Hunan", "cause": "Education"}, {"id": 260, "amount": 10.0, "month": 6, "date": 13, "orig": "Chongqing", "dest": "Chongqing", "cause": "Social Welfare & Poverty Alleviation"}, {"id": 260, "amount": 10.0, "month": 6, "date": 13, "orig": "Chongqing", "dest": "Chongqing", "cause": "Social Welfare & Poverty Alleviation"}, {"id": 261, "amount": 10.0, "month": 5, "date": 16, "orig": "Chongqing", "dest": "Chongqing", "cause": "Social Welfare & Poverty Alleviation"}, {"id": 261, "amount": 10.0, "month": 5, "date": 16, "orig": "Chongqing", "dest": "Chongqing", "cause": "Social Welfare & Poverty Alleviation"}, {"id": 262, "amount": 10.0, "month": 9, "date": 5, "orig": "Hubei", "dest": "Hubei", "cause": "Social Welfare & Poverty Alleviation"}, {"id": 262, "amount": 10.0, "month": 9, "date": 5, "orig": "Hubei", "dest": "Hubei", "cause": "Social Welfare & Poverty Alleviation"}, {"id": 263, "amount": 10.0, "month": 1, "date": 28, "orig": "Hubei", "dest": "Hubei", "cause": "Social Welfare & Poverty Alleviation"}, {"id": 263, "amount": 10.0, "month": 1, "date": 28, "orig": "Hubei", "dest": "Hubei", "cause": "Social Welfare & Poverty Alleviation"}, {"id": 264, "amount": 20.0, "month": 3, "date": 25, "orig": "Shaanxi", "dest": "Shaanxi", "cause": "Education"}, {"id": 264, "amount": 20.0, "month": 3, "date": 25, "orig": "Shaanxi", "dest": "Shaanxi", "cause": "Education"}, {"id": 265, "amount": 20.0, "month": 2, "date": 26, "orig": "Zhejiang", "dest": "Beijing", "cause": "Education"}, {"id": 265, "amount": 20.0, "month": 2, "date": 26, "orig": "Zhejiang", "dest": "Beijing", "cause": "Education"}, {"id": 266, "amount": 20.0, "month": "", "date": "", "orig": "Beijing", "dest": "Beijing", "cause": "Education"}, {"id": 266, "amount": 20.0, "month": "", "date": "", "orig": "Beijing", "dest": "Beijing", "cause": "Education"}, {"id": 267, "amount": 20.0, "month": 7, "date": 9, "orig": "Jiangsu", "dest": "Jiangsu", "cause": "Education"}, {"id": 267, "amount": 20.0, "month": 7, "date": 9, "orig": "Jiangsu", "dest": "Jiangsu", "cause": "Education"}, {"id": 268, "amount": 20.0, "month": 9, "date": 20, "orig": "Beijing", "dest": "Hunan", "cause": "Education"}, {"id": 268, "amount": 20.0, "month": 9, "date": 20, "orig": "Beijing", "dest": "Hunan", "cause": "Education"}, {"id": 269, "amount": 20.0, "month": 10, "date": 22, "orig": "Jiangsu", "dest": "Jiangsu", "cause": "Education"}, {"id": 269, "amount": 20.0, "month": 10, "date": 22, "orig": "Jiangsu", "dest": "Jiangsu", "cause": "Education"}, {"id": 270, "amount": 20.0, "month": 11, "date": 28, "orig": "Beijing", "dest": "Beijing", "cause": "Education"}, {"id": 270, "amount": 20.0, "month": 11, "date": 28, "orig": "Beijing", "dest": "Beijing", "cause": "Education"}, {"id": 271, "amount": 20.0, "month": 4, "date": 20, "orig": "Zhejiang", "dest": "Jiangsu", "cause": "Education"}, {"id": 271, "amount": 20.0, "month": 4, "date": 20, "orig": "Zhejiang", "dest": "Jiangsu", "cause": "Education"}, {"id": 272, "amount": 10.0, "month": 10, "date": 24, "orig": "Chongqing", "dest": "Chongqing", "cause": "Social Welfare & Poverty Alleviation"}, {"id": 272, "amount": 10.0, "month": 10, "date": 24, "orig": "Chongqing", "dest": "Chongqing", "cause": "Social Welfare & Poverty Alleviation"}, {"id": 273, "amount": 10.0, "month": 5, "date": 16, "orig": "Chongqing", "dest": "Chongqing", "cause": "Education"}, {"id": 273, "amount": 10.0, "month": 5, "date": 16, "orig": "Chongqing", "dest": "Chongqing", "cause": "Education"}, {"id": 274, "amount": 20.0, "month": 12, "date": 6, "orig": "Fujian", "dest": "Fujian", "cause": "Education"}, {"id": 274, "amount": 20.0, "month": 12, "date": 6, "orig": "Fujian", "dest": "Fujian", "cause": "Education"}, {"id": 275, "amount": 20.0, "month": 11, "date": 23, "orig": "Guangdong", "dest": "Beijing", "cause": "Education"}, {"id": 275, "amount": 20.0, "month": 11, "date": 23, "orig": "Guangdong", "dest": "Beijing", "cause": "Education"}, {"id": 276, "amount": 20.0, "month": "", "date": "", "orig": "Guangdong", "dest": "Shanghai", "cause": "Education"}, {"id": 276, "amount": 20.0, "month": "", "date": "", "orig": "Guangdong", "dest": "Shanghai", "cause": "Education"}]